claim_id,family,population,source,contrast,metric,estimate,ci95_lower,ci95_upper,n,notes
C15,human_label_agreement,207 record-query pairs in 20 blinded packets,two_independent_human_annotators,relevance,exact_agreement,0.893719806763285,,,207,reported pre-adjudication aggregates; raw labels not released; uncertainty denominator is twice the record count; not full-population gold
C15,human_label_agreement,207 record-query pairs in 20 blinded packets,two_independent_human_annotators,relevance,uncertainty_rate,0.0,,,207,reported pre-adjudication aggregates; raw labels not released; uncertainty denominator is twice the record count; not full-population gold
C15,human_label_agreement,207 record-query pairs in 20 blinded packets,two_independent_human_annotators,relevance,krippendorff_alpha_nominal,0.8135248845561827,,,207,reported pre-adjudication aggregates; raw labels not released; uncertainty denominator is twice the record count; not full-population gold
C15,human_label_agreement,207 record-query pairs in 20 blinded packets,two_independent_human_annotators,scope,exact_agreement,0.9951690821256038,,,207,reported pre-adjudication aggregates; raw labels not released; uncertainty denominator is twice the record count; not full-population gold
C15,human_label_agreement,207 record-query pairs in 20 blinded packets,two_independent_human_annotators,scope,uncertainty_rate,0.0,,,207,reported pre-adjudication aggregates; raw labels not released; uncertainty denominator is twice the record count; not full-population gold
C15,human_label_agreement,207 record-query pairs in 20 blinded packets,two_independent_human_annotators,scope,krippendorff_alpha_nominal,0.9808201365346213,,,207,reported pre-adjudication aggregates; raw labels not released; uncertainty denominator is twice the record count; not full-population gold
C15,human_label_agreement,207 record-query pairs in 20 blinded packets,two_independent_human_annotators,state,exact_agreement,0.8599033816425121,,,207,reported pre-adjudication aggregates; raw labels not released; uncertainty denominator is twice the record count; not full-population gold
C15,human_label_agreement,207 record-query pairs in 20 blinded packets,two_independent_human_annotators,state,uncertainty_rate,0.05555555555555555,,,207,reported pre-adjudication aggregates; raw labels not released; uncertainty denominator is twice the record count; not full-population gold
C15,human_label_agreement,207 record-query pairs in 20 blinded packets,two_independent_human_annotators,state,krippendorff_alpha_nominal,0.670309926635724,,,184,reported pre-adjudication aggregates; raw labels not released; uncertainty denominator is twice the record count; not full-population gold
C15,human_label_agreement,207 record-query pairs in 20 blinded packets,two_independent_human_annotators,prohibited,exact_agreement,0.8840579710144928,,,207,reported pre-adjudication aggregates; raw labels not released; uncertainty denominator is twice the record count; not full-population gold
C15,human_label_agreement,207 record-query pairs in 20 blinded packets,two_independent_human_annotators,prohibited,uncertainty_rate,0.0,,,207,reported pre-adjudication aggregates; raw labels not released; uncertainty denominator is twice the record count; not full-population gold
C15,human_label_agreement,207 record-query pairs in 20 blinded packets,two_independent_human_annotators,prohibited,krippendorff_alpha_nominal,0.08290155440414537,,,207,reported pre-adjudication aggregates; raw labels not released; uncertainty denominator is twice the record count; not full-population gold
